period,document,file_name,source_url
FY2026,transcripts,Chola_Call_May2026.pdf,https://files.cholamandalam.com/Earnings_Call_Transcript_4_May2026_2cf2ef8c05.pdf
Q1 FY2027,transcripts,Chola_Call_Jul2026.pdf,https://files.cholamandalam.com/Chola_FY_27_Q1_Transcript_Kotak_16c010173a.pdf
FY2026,annual reports,Chola_Annual_Report_FY2026.pdf,https://files.cholamandalam.com/cholafhl/CIFCL_AR_0fa97d6442.pdf
FY2025,annual reports,Chola_Annual_Report_FY2025.pdf,https://files.cholamandalam.com/cholafhl/CIFCL_AR_24_25_pdf_crdownload_ed7db4c3dc.pdf
FY2024,annual reports,Chola_Annual_Report_FY2024.pdf,https://files.cholamandalam.com/cholafhl/annual_report_fy_2023_2024_9fd088f109_f0b9b8a68b.pdf
FY2023,annual reports,Chola_Annual_Report_FY2023.pdf,https://files.cholamandalam.com/cholafhl/CIFCL_AR_2022_23_a40d704b0f.pdf
FY2026,investor presentations,Chola_Presentation_Mar2026.pdf,https://files.cholamandalam.com/Chola_Investor_presentation_Mar_26_63135c32db.pdf
Q1 FY2027,investor presentations,Chola_Presentation_Jun2026.pdf,https://files.cholamandalam.com/Chola_Investor_presentation_Jun_26_801858d59d.pdf
18-Sep-2026,Reference share price,Screener CHOLAFIN web page,https://www.screener.in/company/CHOLAFIN/
